ds,yhat,yhat_lower,yhat_upper
2011-01-01,808.0,808.0,808.0
2011-01-02,314.0,314.0,314.0
2011-01-03,4502.0,4502.0,4502.0
2011-01-04,2809.0,2809.0,2809.0
2011-01-05,3664.0,3664.0,3664.0
2011-01-06,623.0,623.0,623.0
2011-01-07,7122.0,7122.0,7122.0
2011-01-08,6295.0,6295.0,6295.0
2011-01-09,815.0,815.0,815.0
2011-01-10,6793.0,6793.0,6793.0
2011-01-11,6454.0,6454.0,6454.0
2011-01-12,2631.0,2631.0,2631.0
2011-01-13,2585.0,2585.0,2585.0
2011-01-14,6281.0,6281.0,6281.0
2011-01-15,2281.0,2281.0,2281.0
2011-01-16,150.0,150.0,150.0
2011-01-17,2310.0,2310.0,2310.0
2011-01-18,932.0,932.0,932.0
2011-01-19,2054.0,2054.0,2054.0
2011-01-20,2288.0,2288.0,2288.0
2011-01-21,8486.0,8486.0,8486.0
2011-01-22,3563.0,3563.0,3563.0
2011-01-23,2163.0,2163.0,2163.0
2011-01-24,3983.0,3983.0,3983.0
2011-01-25,1192.0,1192.0,1192.0
2011-01-26,5422.0,5422.0,5422.0
2011-01-27,2166.0,2166.0,2166.0
2011-01-28,1208.0,1208.0,1208.0
2011-01-29,910.0,910.0,910.0
2011-01-30,455.0,455.0,455.0
2011-01-31,7643.0,7643.0,7643.0
2011-02-01,2457.0,2457.0,2457.0
2011-02-02,7712.0,7712.0,7712.0
2011-02-03,366.0,366.0,366.0
2011-02-04,1866.0,1866.0,1866.0
2011-02-05,221.0,221.0,221.0
2011-02-06,3.0,3.0,3.0
2011-02-07,1799.0,1799.0,1799.0
2011-02-08,1008.0,1008.0,1008.0
2011-02-09,4579.0,4579.0,4579.0
2011-02-10,11863.0,11863.0,11863.0
2011-02-11,1008.0,1008.0,1008.0
2011-02-12,2870.0,2870.0,2870.0
2011-02-13,130.0,130.0,130.0
2011-02-14,4604.0,4604.0,4604.0
2011-02-15,10347.0,10347.0,10347.0
2011-02-16,9334.0,9334.0,9334.0
2011-02-17,631.0,631.0,631.0
2011-02-18,2303.0,2303.0,2303.0
2011-02-19,156.0,156.0,156.0
2011-02-21,4484.0,4484.0,4484.0
2011-02-22,2648.0,2648.0,2648.0
2011-02-23,4355.0,4355.0,4355.0
2011-02-24,5867.0,5867.0,5867.0
2011-02-25,3394.0,3394.0,3394.0
2011-02-26,4104.0,4104.0,4104.0
2011-02-27,625.0,625.0,625.0
2011-02-28,2418.0,2418.0,2418.0
2011-03-01,12567.0,12567.0,12567.0
2011-03-02,4147.0,4147.0,4147.0
2011-03-03,9480.0,9480.0,9480.0
2011-03-04,1244.0,1244.0,1244.0
2011-03-05,835.0,835.0,835.0
2011-03-06,135.0,135.0,135.0
2011-03-07,3866.0,3866.0,3866.0
2011-03-08,9873.0,9873.0,9873.0
2011-03-09,723.0,723.0,723.0
2011-03-10,4108.0,4108.0,4108.0
2011-03-11,2933.0,2933.0,2933.0
2011-03-12,4637.0,4637.0,4637.0
2011-03-14,6628.0,6628.0,6628.0
2011-03-15,1826.0,1826.0,1826.0
2011-03-16,1161.0,1161.0,1161.0
2011-03-17,4614.0,4614.0,4614.0
2011-03-18,30115.0,30115.0,30115.0
2011-03-19,972.0,972.0,972.0
2011-03-21,10680.0,10680.0,10680.0
2011-03-22,3879.0,3879.0,3879.0
2011-03-23,5068.0,5068.0,5068.0
2011-03-24,1362.0,1362.0,1362.0
2011-03-25,3266.0,3266.0,3266.0
2011-03-26,856.0,856.0,856.0
2011-03-27,30.0,30.0,30.0
2011-03-28,4261.0,4261.0,4261.0
2011-03-29,2951.0,2951.0,2951.0
2011-03-30,5762.0,5762.0,5762.0
2011-03-31,7747.0,7747.0,7747.0
2011-04-01,2586.0,2586.0,2586.0
2011-04-02,8923.0,8923.0,8923.0
2011-04-03,879.0,879.0,879.0
2011-04-04,5725.0,5725.0,5725.0
2011-04-05,10265.0,10265.0,10265.0
2011-04-06,4674.0,4674.0,4674.0
2011-04-07,3438.0,3438.0,3438.0
2011-04-08,6802.0,6802.0,6802.0
2011-04-09,367.0,367.0,367.0
2011-04-11,4548.0,4548.0,4548.0
2011-04-12,4012.0,4012.0,4012.0
2011-04-13,3052.0,3052.0,3052.0
2011-04-14,6252.0,6252.0,6252.0
2011-04-15,1728.0,1728.0,1728.0
2011-04-16,4041.0,4041.0,4041.0
2011-04-18,5907.0,5907.0,5907.0
2011-04-19,2860.0,2860.0,2860.0
2011-04-20,4138.0,4138.0,4138.0
2011-04-21,4703.0,4703.0,4703.0
2011-04-22,7064.0,7064.0,7064.0
2011-04-23,772.0,772.0,772.0
2011-04-24,166.0,166.0,166.0
2011-04-25,5026.0,5026.0,5026.0
2011-04-26,2087.0,2087.0,2087.0
2011-04-27,8437.0,8437.0,8437.0
2011-04-28,3912.0,3912.0,3912.0
2011-04-29,3070.0,3070.0,3070.0
2011-04-30,1493.0,1493.0,1493.0
2011-05-02,9275.0,9275.0,9275.0
2011-05-03,5259.0,5259.0,5259.0
2011-05-04,7513.0,7513.0,7513.0
2011-05-05,2998.0,2998.0,2998.0
2011-05-06,5966.0,5966.0,5966.0
2011-05-07,1982.0,1982.0,1982.0
2011-05-08,2502.0,2502.0,2502.0
2011-05-09,5018.0,5018.0,5018.0
2011-05-10,5828.0,5828.0,5828.0
2011-05-11,2821.0,2821.0,2821.0
2011-05-12,5519.0,5519.0,5519.0
2011-05-13,6774.0,6774.0,6774.0
2011-05-14,4543.0,4543.0,4543.0
2011-05-15,194.0,194.0,194.0
2011-05-16,1569.0,1569.0,1569.0
2011-05-17,3524.0,3524.0,3524.0
2011-05-18,9238.0,9238.0,9238.0
2011-05-19,3039.0,3039.0,3039.0
2011-05-20,1291.0,1291.0,1291.0
2011-05-21,10646.0,10646.0,10646.0
2011-05-22,226.0,226.0,226.0
2011-05-23,6533.0,6533.0,6533.0
2011-05-24,10474.0,10474.0,10474.0
2011-05-25,3046.0,3046.0,3046.0
2011-05-26,5965.0,5965.0,5965.0
2011-05-27,5867.0,5867.0,5867.0
2011-05-28,2104.0,2104.0,2104.0
2011-05-30,8638.0,8638.0,8638.0
2011-05-31,8410.0,8410.0,8410.0
2011-06-01,11481.0,11481.0,11481.0
2011-06-02,12518.0,12518.0,12518.0
2011-06-03,11351.0,11351.0,11351.0
2011-06-04,1926.0,1926.0,1926.0
2011-06-05,1139.0,1139.0,1139.0
2011-06-06,10266.0,10266.0,10266.0
2011-06-07,16748.0,16748.0,16748.0
2011-06-08,9530.0,9530.0,9530.0
2011-06-09,10245.0,10245.0,10245.0
2011-06-10,5474.0,5474.0,5474.0
2011-06-11,3161.0,3161.0,3161.0
2011-06-12,38.0,38.0,38.0
2011-06-13,6576.0,6576.0,6576.0
2011-06-14,4947.0,4947.0,4947.0
2011-06-15,6110.0,6110.0,6110.0
2011-06-16,4010.0,4010.0,4010.0
2011-06-17,14496.0,14496.0,14496.0
2011-06-18,5519.0,5519.0,5519.0
2011-06-19,58.0,58.0,58.0
2011-06-20,8529.0,8529.0,8529.0
2011-06-21,8720.0,8720.0,8720.0
2011-06-22,19197.0,19197.0,19197.0
2011-06-23,3134.0,3134.0,3134.0
2011-06-24,5390.0,5390.0,5390.0
2011-06-25,5899.0,5899.0,5899.0
2011-06-26,1269.0,1269.0,1269.0
2011-06-27,6653.0,6653.0,6653.0
2011-06-28,7197.0,7197.0,7197.0
2011-06-29,8333.0,8333.0,8333.0
2011-06-30,5300.0,5300.0,5300.0
2011-07-01,3844.0,3844.0,3844.0
2011-07-02,389.0,389.0,389.0
2011-07-04,1984.0,1984.0,1984.0
2011-07-05,3725.0,3725.0,3725.0
2011-07-06,3772.0,3772.0,3772.0
2011-07-07,4856.0,4856.0,4856.0
2011-07-08,3385.0,3385.0,3385.0
2011-07-09,2022.0,2022.0,2022.0
2011-07-11,5228.0,5228.0,5228.0
2011-07-12,5228.0,5228.0,5228.0
2011-07-13,1939.0,1939.0,1939.0
2011-07-14,3034.0,3034.0,3034.0
2011-07-15,934.0,934.0,934.0
2011-07-16,3626.0,3626.0,3626.0
2011-07-17,354.0,354.0,354.0
2011-07-18,5443.0,5443.0,5443.0
2011-07-19,4767.0,4767.0,4767.0
2011-07-20,7977.0,7977.0,7977.0
2011-07-21,6104.0,6104.0,6104.0
2011-07-22,3077.0,3077.0,3077.0
2011-07-23,3861.0,3861.0,3861.0
2011-07-24,102.0,102.0,102.0
2011-07-25,12337.0,12337.0,12337.0
2011-07-26,7918.0,7918.0,7918.0
2011-07-27,9804.0,9804.0,9804.0
2011-07-28,3211.0,3211.0,3211.0
2011-07-29,1916.0,1916.0,1916.0
2011-07-30,4205.0,4205.0,4205.0
2011-07-31,476.0,476.0,476.0
2011-08-01,6767.0,6767.0,6767.0
2011-08-02,5344.0,5344.0,5344.0
2011-08-03,10667.0,10667.0,10667.0
2011-08-04,13621.0,13621.0,13621.0
2011-08-05,5709.0,5709.0,5709.0
2011-08-06,1072.0,1072.0,1072.0
2011-08-07,38.0,38.0,38.0
2011-08-08,8099.0,8099.0,8099.0
2011-08-09,13282.0,13282.0,13282.0
2011-08-10,13153.0,13153.0,13153.0
2011-08-11,7410.0,7410.0,7410.0
2011-08-12,8970.0,8970.0,8970.0
2011-08-13,2603.0,2603.0,2603.0
2011-08-15,6932.0,6932.0,6932.0
2011-08-16,13433.0,13433.0,13433.0
2011-08-17,6625.0,6625.0,6625.0
2011-08-18,9053.0,9053.0,9053.0
2011-08-19,10154.0,10154.0,10154.0
2011-08-20,3032.0,3032.0,3032.0
2011-08-21,2996.0,2996.0,2996.0
2011-08-22,5181.0,5181.0,5181.0
2011-08-23,3313.0,3313.0,3313.0
2011-08-24,5166.0,5166.0,5166.0
2011-08-25,9631.0,9631.0,9631.0
2011-08-26,8122.0,8122.0,8122.0
2011-08-27,5397.0,5397.0,5397.0
2011-08-29,7615.0,7615.0,7615.0
2011-08-30,8906.0,8906.0,8906.0
2011-08-31,5279.0,5279.0,5279.0
2011-09-01,7252.0,7252.0,7252.0
2011-09-02,14364.0,14364.0,14364.0
2011-09-03,814.0,814.0,814.0
2011-09-05,4149.0,4149.0,4149.0
2011-09-06,10297.0,10297.0,10297.0
2011-09-07,6336.0,6336.0,6336.0
2011-09-08,36833.0,36833.0,36833.0
2011-09-09,11579.0,11579.0,11579.0
2011-09-10,3269.0,3269.0,3269.0
2011-09-11,1368.0,1368.0,1368.0
2011-09-12,14073.0,14073.0,14073.0
2011-09-13,6395.0,6395.0,6395.0
2011-09-14,17719.0,17719.0,17719.0
2011-09-15,10738.0,10738.0,10738.0
2011-09-16,5409.0,5409.0,5409.0
2011-09-17,2467.0,2467.0,2467.0
2011-09-18,750.0,750.0,750.0
2011-09-19,16206.0,16206.0,16206.0
2011-09-20,13651.0,13651.0,13651.0
2011-09-21,9811.0,9811.0,9811.0
2011-09-22,9068.0,9068.0,9068.0
2011-09-23,23864.0,23864.0,23864.0
2011-09-24,4394.0,4394.0,4394.0
2011-09-25,6373.0,6373.0,6373.0
2011-09-26,8480.0,8480.0,8480.0
2011-09-27,15353.0,15353.0,15353.0
2011-09-28,11437.0,11437.0,11437.0
2011-09-29,11747.0,11747.0,11747.0
2011-09-30,6034.0,6034.0,6034.0
2011-10-01,1625.0,1625.0,1625.0
2011-10-02,597.0,597.0,597.0
2011-10-03,8660.0,8660.0,8660.0
2011-10-04,8180.0,8180.0,8180.0
2011-10-05,2596.0,2596.0,2596.0
2011-10-06,17180.0,17180.0,17180.0
2011-10-07,11287.0,11287.0,11287.0
2011-10-08,3842.0,3842.0,3842.0
2011-10-09,250.0,250.0,250.0
2011-10-10,7858.0,7858.0,7858.0
2011-10-11,2025.0,2025.0,2025.0
2011-10-12,4660.0,4660.0,4660.0
2011-10-13,9799.0,9799.0,9799.0
2011-10-14,14453.0,14453.0,14453.0
2011-10-15,8230.0,8230.0,8230.0
2011-10-16,1364.0,1364.0,1364.0
2011-10-17,5984.0,5984.0,5984.0
2011-10-18,8291.0,8291.0,8291.0
2011-10-19,8884.0,8884.0,8884.0
2011-10-20,7524.0,7524.0,7524.0
2011-10-21,7272.0,7272.0,7272.0
2011-10-22,4954.0,4954.0,4954.0
2011-10-24,4550.0,4550.0,4550.0
2011-10-25,4803.0,4803.0,4803.0
2011-10-26,8069.0,8069.0,8069.0
2011-10-27,17293.0,17293.0,17293.0
2011-10-28,5778.0,5778.0,5778.0
2011-10-29,5023.0,5023.0,5023.0
2011-10-30,134.0,134.0,134.0
2011-10-31,7905.0,7905.0,7905.0
2011-11-01,18668.0,18668.0,18668.0
2011-11-02,8691.0,8691.0,8691.0
2011-11-03,19275.0,19275.0,19275.0
2011-11-04,18652.0,18652.0,18652.0
2011-11-05,10387.0,10387.0,10387.0
2011-11-06,1556.0,1556.0,1556.0
2011-11-07,13235.0,13235.0,13235.0
2011-11-08,4290.0,4290.0,4290.0
2011-11-09,12158.0,12158.0,12158.0
2011-11-10,10175.0,10175.0,10175.0
2011-11-11,24404.0,24404.0,24404.0
2011-11-12,4234.0,4234.0,4234.0
2011-11-13,346.0,346.0,346.0
2011-11-14,12537.0,12537.0,12537.0
2011-11-15,10495.0,10495.0,10495.0
2011-11-16,8007.0,8007.0,8007.0
2011-11-17,14063.0,14063.0,14063.0
2011-11-18,13519.0,13519.0,13519.0
2011-11-19,9876.0,9876.0,9876.0
2011-11-20,976.0,976.0,976.0
2011-11-21,5409.0,5409.0,5409.0
2011-11-22,9526.0,9526.0,9526.0
2011-11-23,8507.0,8507.0,8507.0
2011-11-24,10786.0,10786.0,10786.0
2011-11-25,18120.0,18120.0,18120.0
2011-11-26,6403.0,6403.0,6403.0
2011-11-27,303.0,303.0,303.0
2011-11-28,9289.0,9289.0,9289.0
2011-11-29,8444.0,8444.0,8444.0
2011-11-30,6168.0,6168.0,6168.0
2011-12-01,14118.0,14118.0,14118.0
2011-12-02,7295.0,7295.0,7295.0
2011-12-03,9014.0,9014.0,9014.0
2011-12-04,615.0,615.0,615.0
2011-12-05,10389.0,10389.0,10389.0
2011-12-06,12458.0,12458.0,12458.0
2011-12-07,10247.0,10247.0,10247.0
2011-12-08,13339.0,13339.0,13339.0
2011-12-09,14316.0,14316.0,14316.0
2011-12-10,5848.0,5848.0,5848.0
2011-12-11,797.0,797.0,797.0
2011-12-12,10225.0,10225.0,10225.0
2011-12-13,14356.0,14356.0,14356.0
2011-12-14,14350.0,14350.0,14350.0
2011-12-15,15082.0,15082.0,15082.0
2011-12-16,14193.0,14193.0,14193.0
2011-12-17,13733.0,13733.0,13733.0
2011-12-19,10806.0,10806.0,10806.0
2011-12-20,21879.0,21879.0,21879.0
2011-12-21,13003.0,13003.0,13003.0
2011-12-22,12809.0,12809.0,12809.0
2011-12-23,10613.0,10613.0,10613.0
2011-12-24,9786.0,9786.0,9786.0
2011-12-25,539.0,539.0,539.0
2011-12-26,14836.0,14836.0,14836.0
2011-12-27,15141.0,15141.0,15141.0
2011-12-28,18803.0,18803.0,18803.0
2011-12-29,10908.0,10908.0,10908.0
2011-12-30,6702.0,6702.0,6702.0
2011-12-31,7741.0,7741.0,7741.0
2012-01-02,10008.0,10008.0,10008.0
2012-01-03,3450.0,3450.0,3450.0
2012-01-04,2618.0,2618.0,2618.0
2012-01-05,5662.0,5662.0,5662.0
2012-01-06,545.0,545.0,545.0
2012-01-07,3699.0,3699.0,3699.0
2012-01-08,2177.0,2177.0,2177.0
2012-01-09,3599.0,3599.0,3599.0
2012-01-10,6297.0,6297.0,6297.0
2012-01-11,8259.0,8259.0,8259.0
2012-01-12,8383.0,8383.0,8383.0
2012-01-13,7107.0,7107.0,7107.0
2012-01-14,2040.0,2040.0,2040.0
2012-01-16,8371.0,8371.0,8371.0
2012-01-17,6565.0,6565.0,6565.0
2012-01-18,4540.0,4540.0,4540.0
2012-01-19,3370.0,3370.0,3370.0
2012-01-20,3578.0,3578.0,3578.0
2012-01-21,1383.0,1383.0,1383.0
2012-01-22,1494.0,1494.0,1494.0
2012-01-23,9670.0,9670.0,9670.0
2012-01-24,3226.0,3226.0,3226.0
2012-01-25,3514.0,3514.0,3514.0
2012-01-26,3415.0,3415.0,3415.0
2012-01-27,9423.0,9423.0,9423.0
2012-01-28,7629.0,7629.0,7629.0
2012-01-29,876.0,876.0,876.0
2012-01-30,3631.0,3631.0,3631.0
2012-01-31,1246.0,1246.0,1246.0
2012-02-01,1657.0,1657.0,1657.0
2012-02-02,11631.0,11631.0,11631.0
2012-02-03,959.0,959.0,959.0
2012-02-04,4977.0,4977.0,4977.0
2012-02-05,397.0,397.0,397.0
2012-02-06,8731.0,8731.0,8731.0
2012-02-07,4020.0,4020.0,4020.0
2012-02-08,2321.0,2321.0,2321.0
2012-02-09,4529.0,4529.0,4529.0
2012-02-10,3683.0,3683.0,3683.0
2012-02-11,204.0,204.0,204.0
2012-02-12,157.0,157.0,157.0
2012-02-13,4972.0,4972.0,4972.0
2012-02-14,4814.0,4814.0,4814.0
2012-02-15,5439.0,5439.0,5439.0
2012-02-16,1260.0,1260.0,1260.0
2012-02-17,1518.0,1518.0,1518.0
2012-02-18,5538.0,5538.0,5538.0
2012-02-19,176.0,176.0,176.0
2012-02-20,2678.0,2678.0,2678.0
2012-02-21,4678.0,4678.0,4678.0
2012-02-22,2872.0,2872.0,2872.0
2012-02-23,4380.0,4380.0,4380.0
2012-02-24,3960.0,3960.0,3960.0
2012-02-25,3308.0,3308.0,3308.0
2012-02-27,7572.0,7572.0,7572.0
2012-02-28,3049.0,3049.0,3049.0
2012-02-29,1041.0,1041.0,1041.0
2012-03-01,3913.0,3913.0,3913.0
2012-03-02,10723.0,10723.0,10723.0
2012-03-03,626.0,626.0,626.0
2012-03-05,8252.0,8252.0,8252.0
2012-03-06,5918.0,5918.0,5918.0
2012-03-07,8466.0,8466.0,8466.0
2012-03-08,4857.0,4857.0,4857.0
2012-03-09,3457.0,3457.0,3457.0
2012-03-10,1170.0,1170.0,1170.0
2012-03-11,382.0,382.0,382.0
2012-03-12,4086.0,4086.0,4086.0
2012-03-13,4670.0,4670.0,4670.0
2012-03-14,5569.0,5569.0,5569.0
2012-03-15,7148.0,7148.0,7148.0
2012-03-16,13262.0,13262.0,13262.0
2012-03-17,540.0,540.0,540.0
2012-03-19,11463.0,11463.0,11463.0
2012-03-20,17841.0,17841.0,17841.0
2012-03-21,4298.0,4298.0,4298.0
2012-03-22,5869.0,5869.0,5869.0
2012-03-23,3938.0,3938.0,3938.0
2012-03-24,1816.0,1816.0,1816.0
2012-03-26,8996.0,8996.0,8996.0
2012-03-27,7167.0,7167.0,7167.0
2012-03-28,4451.0,4451.0,4451.0
2012-03-29,7351.0,7351.0,7351.0
2012-03-30,3310.0,3310.0,3310.0
2012-03-31,3553.0,3553.0,3553.0
2012-04-01,511.0,511.0,511.0
2012-04-02,4606.0,4606.0,4606.0
2012-04-03,2208.0,2208.0,2208.0
2012-04-04,2904.0,2904.0,2904.0
2012-04-05,9765.0,9765.0,9765.0
2012-04-06,7147.0,7147.0,7147.0
2012-04-07,6396.0,6396.0,6396.0
2012-04-09,3254.0,3254.0,3254.0
2012-04-10,3484.0,3484.0,3484.0
2012-04-11,5854.0,5854.0,5854.0
2012-04-12,3762.0,3762.0,3762.0
2012-04-13,10058.0,10058.0,10058.0
2012-04-14,9263.0,9263.0,9263.0
2012-04-15,493.0,493.0,493.0
2012-04-16,14554.0,14554.0,14554.0
2012-04-17,5029.0,5029.0,5029.0
2012-04-18,8079.0,8079.0,8079.0
2012-04-19,7688.0,7688.0,7688.0
2012-04-20,6559.0,6559.0,6559.0
2012-04-21,1608.0,1608.0,1608.0
2012-04-22,6674.0,6674.0,6674.0
2012-04-23,2670.0,2670.0,2670.0
2012-04-24,3334.0,3334.0,3334.0
2012-04-25,9520.0,9520.0,9520.0
2012-04-26,5789.0,5789.0,5789.0
2012-04-27,6085.0,6085.0,6085.0
2012-04-28,7615.0,7615.0,7615.0
2012-04-29,428.0,428.0,428.0
2012-04-30,5723.0,5723.0,5723.0
2012-05-01,3650.0,3650.0,3650.0
2012-05-02,2317.0,2317.0,2317.0
2012-05-03,5684.0,5684.0,5684.0
2012-05-04,10825.0,10825.0,10825.0
2012-05-05,1395.0,1395.0,1395.0
2012-05-06,1148.0,1148.0,1148.0
2012-05-07,11202.0,11202.0,11202.0
2012-05-08,10823.0,10823.0,10823.0
2012-05-09,6782.0,6782.0,6782.0
2012-05-10,8661.0,8661.0,8661.0
2012-05-11,10523.0,10523.0,10523.0
2012-05-12,3612.0,3612.0,3612.0
2012-05-13,312.0,312.0,312.0
2012-05-14,6950.0,6950.0,6950.0
2012-05-15,10568.0,10568.0,10568.0
2012-05-16,8160.0,8160.0,8160.0
2012-05-17,8386.0,8386.0,8386.0
2012-05-18,5272.0,5272.0,5272.0
2012-05-19,856.0,856.0,856.0
2012-05-20,169.0,169.0,169.0
2012-05-21,6140.0,6140.0,6140.0
2012-05-22,9832.0,9832.0,9832.0
2012-05-23,8570.0,8570.0,8570.0
2012-05-24,9346.0,9346.0,9346.0
2012-05-25,12592.0,12592.0,12592.0
2012-05-26,2946.0,2946.0,2946.0
2012-05-27,11.0,11.0,11.0
2012-05-28,9207.0,9207.0,9207.0
2012-05-29,9659.0,9659.0,9659.0
2012-05-30,5712.0,5712.0,5712.0
2012-05-31,17060.0,17060.0,17060.0
2012-06-01,9045.0,9045.0,9045.0
2012-06-02,6167.0,6167.0,6167.0
2012-06-03,178.0,178.0,178.0
2012-06-04,7133.0,7133.0,7133.0
2012-06-05,11515.0,11515.0,11515.0
2012-06-06,8815.0,8815.0,8815.0
2012-06-07,7109.0,7109.0,7109.0
2012-06-08,9395.0,9395.0,9395.0
2012-06-09,3935.0,3935.0,3935.0
2012-06-10,3240.0,3240.0,3240.0
2012-06-11,13403.0,13403.0,13403.0
2012-06-12,11957.0,11957.0,11957.0
2012-06-13,9580.0,9580.0,9580.0
2012-06-14,6869.0,6869.0,6869.0
2012-06-15,6560.0,6560.0,6560.0
2012-06-16,13217.0,13217.0,13217.0
2012-06-17,1087.0,1087.0,1087.0
2012-06-18,14120.0,14120.0,14120.0
2012-06-19,15132.0,15132.0,15132.0
2012-06-20,13716.0,13716.0,13716.0
2012-06-21,11011.0,11011.0,11011.0
2012-06-22,11805.0,11805.0,11805.0
2012-06-23,5457.0,5457.0,5457.0
2012-06-24,331.0,331.0,331.0
2012-06-25,15916.0,15916.0,15916.0
2012-06-26,9252.0,9252.0,9252.0
2012-06-27,9845.0,9845.0,9845.0
2012-06-28,4775.0,4775.0,4775.0
2012-06-29,12080.0,12080.0,12080.0
2012-06-30,3536.0,3536.0,3536.0
2012-07-01,2542.0,2542.0,2542.0
2012-07-02,4706.0,4706.0,4706.0
2012-07-03,6683.0,6683.0,6683.0
2012-07-04,9368.0,9368.0,9368.0
2012-07-05,3104.0,3104.0,3104.0
2012-07-06,8492.0,8492.0,8492.0
2012-07-07,4382.0,4382.0,4382.0
2012-07-08,34.0,34.0,34.0
2012-07-09,5110.0,5110.0,5110.0
2012-07-10,2586.0,2586.0,2586.0
2012-07-11,9035.0,9035.0,9035.0
2012-07-12,5472.0,5472.0,5472.0
2012-07-13,8230.0,8230.0,8230.0
2012-07-14,3906.0,3906.0,3906.0
2012-07-15,27.0,27.0,27.0
2012-07-16,7017.0,7017.0,7017.0
2012-07-17,4969.0,4969.0,4969.0
2012-07-18,6273.0,6273.0,6273.0
2012-07-19,1636.0,1636.0,1636.0
2012-07-20,7689.0,7689.0,7689.0
2012-07-21,1753.0,1753.0,1753.0
2012-07-23,8516.0,8516.0,8516.0
2012-07-24,5629.0,5629.0,5629.0
2012-07-25,6363.0,6363.0,6363.0
2012-07-26,4226.0,4226.0,4226.0
2012-07-27,4140.0,4140.0,4140.0
2012-07-28,1349.0,1349.0,1349.0
2012-07-29,43.0,43.0,43.0
2012-07-30,5248.0,5248.0,5248.0
2012-07-31,6719.0,6719.0,6719.0
2012-08-01,12389.0,12389.0,12389.0
2012-08-02,17672.0,17672.0,17672.0
2012-08-03,20851.0,20851.0,20851.0
2012-08-04,1388.0,1388.0,1388.0
2012-08-05,2078.0,2078.0,2078.0
2012-08-06,7338.0,7338.0,7338.0
2012-08-07,9292.0,9292.0,9292.0
2012-08-08,8978.0,8978.0,8978.0
2012-08-09,12670.0,12670.0,12670.0
2012-08-10,15656.0,15656.0,15656.0
2012-08-11,1507.0,1507.0,1507.0
2012-08-12,693.0,693.0,693.0
2012-08-13,5724.0,5724.0,5724.0
2012-08-14,14006.0,14006.0,14006.0
2012-08-15,6844.0,6844.0,6844.0
2012-08-16,16140.0,16140.0,16140.0
2012-08-17,9296.0,9296.0,9296.0
2012-08-18,6422.0,6422.0,6422.0
2012-08-19,34.0,34.0,34.0
2012-08-20,17934.0,17934.0,17934.0
2012-08-21,6852.0,6852.0,6852.0
2012-08-22,9685.0,9685.0,9685.0
2012-08-23,10803.0,10803.0,10803.0
2012-08-24,19845.0,19845.0,19845.0
2012-08-25,2598.0,2598.0,2598.0
2012-08-26,2259.0,2259.0,2259.0
2012-08-27,10459.0,10459.0,10459.0
2012-08-28,16824.0,16824.0,16824.0
2012-08-29,15276.0,15276.0,15276.0
2012-08-30,7039.0,7039.0,7039.0
2012-08-31,14606.0,14606.0,14606.0
2012-09-01,5592.0,5592.0,5592.0
2012-09-02,2086.0,2086.0,2086.0
2012-09-03,11087.0,11087.0,11087.0
2012-09-04,10732.0,10732.0,10732.0
2012-09-05,9362.0,9362.0,9362.0
2012-09-06,15368.0,15368.0,15368.0
2012-09-07,13642.0,13642.0,13642.0
2012-09-08,2770.0,2770.0,2770.0
2012-09-09,3305.0,3305.0,3305.0
2012-09-10,15475.0,15475.0,15475.0
2012-09-11,7064.0,7064.0,7064.0
2012-09-12,6632.0,6632.0,6632.0
2012-09-13,13355.0,13355.0,13355.0
2012-09-14,15245.0,15245.0,15245.0
2012-09-15,9841.0,9841.0,9841.0
2012-09-16,1262.0,1262.0,1262.0
2012-09-17,16870.0,16870.0,16870.0
2012-09-18,17580.0,17580.0,17580.0
2012-09-19,5123.0,5123.0,5123.0
2012-09-20,17703.0,17703.0,17703.0
2012-09-21,14296.0,14296.0,14296.0
2012-09-22,5307.0,5307.0,5307.0
2012-09-23,414.0,414.0,414.0
2012-09-24,15319.0,15319.0,15319.0
2012-09-25,9277.0,9277.0,9277.0
2012-09-26,10444.0,10444.0,10444.0
2012-09-27,11330.0,11330.0,11330.0
2012-09-28,14806.0,14806.0,14806.0
2012-09-29,7434.0,7434.0,7434.0
2012-09-30,669.0,669.0,669.0
2012-10-01,14903.0,14903.0,14903.0
2012-10-02,6723.0,6723.0,6723.0
2012-10-03,9911.0,9911.0,9911.0
2012-10-04,8739.0,8739.0,8739.0
2012-10-05,16412.0,16412.0,16412.0
2012-10-06,4669.0,4669.0,4669.0
2012-10-07,96.0,96.0,96.0
2012-10-08,5036.0,5036.0,5036.0
2012-10-09,8867.0,8867.0,8867.0
2012-10-10,9466.0,9466.0,9466.0
2012-10-11,11845.0,11845.0,11845.0
2012-10-12,10978.0,10978.0,10978.0
2012-10-13,6027.0,6027.0,6027.0
2012-10-14,99.0,99.0,99.0
2012-10-15,15016.0,15016.0,15016.0
2012-10-16,4260.0,4260.0,4260.0
2012-10-17,14585.0,14585.0,14585.0
2012-10-18,5184.0,5184.0,5184.0
2012-10-19,11177.0,11177.0,11177.0
2012-10-20,4863.0,4863.0,4863.0
2012-10-21,155.0,155.0,155.0
2012-10-22,6704.0,6704.0,6704.0
2012-10-23,8751.0,8751.0,8751.0
2012-10-24,11083.0,11083.0,11083.0
2012-10-25,17692.0,17692.0,17692.0
2012-10-26,5814.0,5814.0,5814.0
2012-10-27,7346.0,7346.0,7346.0
2012-10-28,273.0,273.0,273.0
2012-10-29,6812.0,6812.0,6812.0
2012-10-30,12018.0,12018.0,12018.0
2012-10-31,7438.0,7438.0,7438.0
2012-11-01,11953.0,11953.0,11953.0
2012-11-02,18487.0,18487.0,18487.0
2012-11-03,5843.0,5843.0,5843.0
2012-11-04,820.0,820.0,820.0
2012-11-05,12278.0,12278.0,12278.0
2012-11-06,5125.0,5125.0,5125.0
2012-11-07,10643.0,10643.0,10643.0
2012-11-08,28560.0,28560.0,28560.0
2012-11-09,12353.0,12353.0,12353.0
2012-11-10,15566.0,15566.0,15566.0
2012-11-11,1546.0,1546.0,1546.0
2012-11-12,11422.0,11422.0,11422.0
2012-11-13,25619.0,25619.0,25619.0
2012-11-14,10204.0,10204.0,10204.0
2012-11-15,15133.0,15133.0,15133.0
2012-11-16,16250.0,16250.0,16250.0
2012-11-17,6544.0,6544.0,6544.0
2012-11-18,178.0,178.0,178.0
2012-11-19,7552.0,7552.0,7552.0
2012-11-20,16071.0,16071.0,16071.0
2012-11-21,12839.0,12839.0,12839.0
2012-11-22,7021.0,7021.0,7021.0
2012-11-23,13102.0,13102.0,13102.0
2012-11-24,7938.0,7938.0,7938.0
2012-11-25,385.0,385.0,385.0
2012-11-26,6164.0,6164.0,6164.0
2012-11-27,10680.0,10680.0,10680.0
2012-11-28,13773.0,13773.0,13773.0
2012-11-29,10124.0,10124.0,10124.0
2012-11-30,9339.0,9339.0,9339.0
2012-12-01,15574.0,15574.0,15574.0
2012-12-02,282.0,282.0,282.0
2012-12-03,22904.0,22904.0,22904.0
2012-12-04,16797.0,16797.0,16797.0
2012-12-05,6985.0,6985.0,6985.0
2012-12-06,11699.0,11699.0,11699.0
2012-12-07,11723.0,11723.0,11723.0
2012-12-08,4078.0,4078.0,4078.0
2012-12-09,2456.0,2456.0,2456.0
2012-12-10,8743.0,8743.0,8743.0
2012-12-11,12187.0,12187.0,12187.0
2012-12-12,7408.0,7408.0,7408.0
2012-12-13,16507.0,16507.0,16507.0
2012-12-14,5519.0,5519.0,5519.0
2012-12-15,11396.0,11396.0,11396.0
2012-12-16,2137.0,2137.0,2137.0
2012-12-17,13439.0,13439.0,13439.0
2012-12-18,7511.0,7511.0,7511.0
2012-12-19,22427.0,22427.0,22427.0
2012-12-20,20079.0,20079.0,20079.0
2012-12-21,10488.0,10488.0,10488.0
2012-12-22,5546.0,5546.0,5546.0
2012-12-23,606.0,606.0,606.0
2012-12-24,15732.0,15732.0,15732.0
2012-12-25,21570.0,21570.0,21570.0
2012-12-26,16946.0,16946.0,16946.0
2012-12-27,15328.0,15328.0,15328.0
2012-12-28,14817.0,14817.0,14817.0
2012-12-29,1869.0,1869.0,1869.0
2012-12-30,4825.0,4825.0,4825.0
2012-12-31,10667.0,10667.0,10667.0
2013-01-01,9368.0,9368.0,9368.0
2013-01-02,11612.0,11612.0,11612.0
2013-01-03,5791.0,5791.0,5791.0
2013-01-04,16270.0,16270.0,16270.0
2013-01-05,5795.0,5795.0,5795.0
2013-01-06,99.0,99.0,99.0
2013-01-07,12467.0,12467.0,12467.0
2013-01-08,6649.0,6649.0,6649.0
2013-01-09,4551.0,4551.0,4551.0
2013-01-10,7619.0,7619.0,7619.0
2013-01-11,4944.0,4944.0,4944.0
2013-01-12,7544.0,7544.0,7544.0
2013-01-13,46.0,46.0,46.0
2013-01-14,2585.0,2585.0,2585.0
2013-01-15,7603.0,7603.0,7603.0
2013-01-16,4987.0,4987.0,4987.0
2013-01-17,3971.0,3971.0,3971.0
2013-01-18,7588.0,7588.0,7588.0
2013-01-19,5774.0,5774.0,5774.0
2013-01-20,2253.0,2253.0,2253.0
2013-01-21,11124.0,11124.0,11124.0
2013-01-22,6087.0,6087.0,6087.0
2013-01-23,5145.0,5145.0,5145.0
2013-01-24,2210.0,2210.0,2210.0
2013-01-25,8422.0,8422.0,8422.0
2013-01-26,1177.0,1177.0,1177.0
2013-01-27,1291.0,1291.0,1291.0
2013-01-28,12538.0,12538.0,12538.0
2013-01-29,9020.0,9020.0,9020.0
2013-01-30,6867.0,6867.0,6867.0
2013-01-31,7800.0,7800.0,7800.0
2013-02-01,3303.0,3303.0,3303.0
2013-02-02,11259.0,11259.0,11259.0
2013-02-03,1204.0,1204.0,1204.0
2013-02-04,1414.0,1414.0,1414.0
2013-02-05,18218.0,18218.0,18218.0
2013-02-06,8926.0,8926.0,8926.0
2013-02-07,8287.0,8287.0,8287.0
2013-02-08,9334.0,9334.0,9334.0
2013-02-09,5124.0,5124.0,5124.0
2013-02-10,997.0,997.0,997.0
2013-02-11,8822.0,8822.0,8822.0
2013-02-12,6534.0,6534.0,6534.0
2013-02-13,3512.0,3512.0,3512.0
2013-02-14,5786.0,5786.0,5786.0
2013-02-15,3597.0,3597.0,3597.0
2013-02-16,3845.0,3845.0,3845.0
2013-02-18,12447.0,12447.0,12447.0
2013-02-19,7331.0,7331.0,7331.0
2013-02-20,4249.0,4249.0,4249.0
2013-02-21,4172.0,4172.0,4172.0
2013-02-22,8366.0,8366.0,8366.0
2013-02-23,1928.0,1928.0,1928.0
2013-02-25,5847.0,5847.0,5847.0
2013-02-26,5316.0,5316.0,5316.0
2013-02-27,15506.0,15506.0,15506.0
2013-02-28,1923.0,1923.0,1923.0
2013-03-01,6597.0,6597.0,6597.0
2013-03-02,7286.0,7286.0,7286.0
2013-03-03,445.0,445.0,445.0
2013-03-04,15415.0,15415.0,15415.0
2013-03-05,8916.0,8916.0,8916.0
2013-03-06,6952.0,6952.0,6952.0
2013-03-07,3655.0,3655.0,3655.0
2013-03-08,9789.0,9789.0,9789.0
2013-03-09,2424.0,2424.0,2424.0
2013-03-10,636.0,636.0,636.0
2013-03-11,18504.0,18504.0,18504.0
2013-03-12,5184.0,5184.0,5184.0
2013-03-13,11327.0,11327.0,11327.0
2013-03-14,11488.0,11488.0,11488.0
2013-03-15,6027.0,6027.0,6027.0
2013-03-16,3828.0,3828.0,3828.0
2013-03-17,35.0,35.0,35.0
2013-03-18,7050.0,7050.0,7050.0
2013-03-19,8509.0,8509.0,8509.0
2013-03-20,8829.0,8829.0,8829.0
2013-03-21,4665.0,4665.0,4665.0
2013-03-22,2699.0,2699.0,2699.0
2013-03-23,9345.0,9345.0,9345.0
2013-03-24,193.0,193.0,193.0
2013-03-25,6930.0,6930.0,6930.0
2013-03-26,3762.0,3762.0,3762.0
2013-03-27,8678.0,8678.0,8678.0
2013-03-28,3556.0,3556.0,3556.0
2013-03-29,10830.0,10830.0,10830.0
2013-03-30,4670.0,4670.0,4670.0
2013-03-31,367.0,367.0,367.0
2013-04-01,5680.0,5680.0,5680.0
2013-04-02,10219.0,10219.0,10219.0
2013-04-03,5293.0,5293.0,5293.0
2013-04-04,3972.0,3972.0,3972.0
2013-04-05,8886.0,8886.0,8886.0
2013-04-06,3029.0,3029.0,3029.0
2013-04-07,2498.0,2498.0,2498.0
2013-04-08,7429.0,7429.0,7429.0
2013-04-09,10100.0,10100.0,10100.0
2013-04-10,6464.0,6464.0,6464.0
2013-04-11,3486.0,3486.0,3486.0
2013-04-12,8453.0,8453.0,8453.0
2013-04-13,3540.0,3540.0,3540.0
2013-04-14,1176.0,1176.0,1176.0
2013-04-15,6554.0,6554.0,6554.0
2013-04-16,7756.0,7756.0,7756.0
2013-04-17,13407.0,13407.0,13407.0
2013-04-18,7220.0,7220.0,7220.0
2013-04-19,5935.0,5935.0,5935.0
2013-04-20,5388.0,5388.0,5388.0
2013-04-22,2691.0,2691.0,2691.0
2013-04-23,8134.0,8134.0,8134.0
2013-04-24,3658.0,3658.0,3658.0
2013-04-25,9209.0,9209.0,9209.0
2013-04-26,10915.0,10915.0,10915.0
2013-04-27,2222.0,2222.0,2222.0
2013-04-29,3899.0,3899.0,3899.0
2013-04-30,10622.0,10622.0,10622.0
2013-05-01,11490.0,11490.0,11490.0
2013-05-02,1995.0,1995.0,1995.0
2013-05-03,10908.0,10908.0,10908.0
2013-05-04,7506.0,7506.0,7506.0
2013-05-05,1606.0,1606.0,1606.0
2013-05-06,6347.0,6347.0,6347.0
2013-05-07,9007.0,9007.0,9007.0
2013-05-08,11565.0,11565.0,11565.0
2013-05-09,6237.0,6237.0,6237.0
2013-05-10,8156.0,8156.0,8156.0
2013-05-11,6438.0,6438.0,6438.0
2013-05-12,437.0,437.0,437.0
2013-05-13,3522.0,3522.0,3522.0
2013-05-14,10355.0,10355.0,10355.0
2013-05-15,8747.0,8747.0,8747.0
2013-05-16,14930.0,14930.0,14930.0
2013-05-17,8984.0,8984.0,8984.0
2013-05-18,2136.0,2136.0,2136.0
2013-05-19,833.0,833.0,833.0
2013-05-20,4217.0,4217.0,4217.0
2013-05-21,10405.0,10405.0,10405.0
2013-05-22,9610.0,9610.0,9610.0
2013-05-23,4887.0,4887.0,4887.0
2013-05-24,22701.0,22701.0,22701.0
2013-05-25,3840.0,3840.0,3840.0
2013-05-26,1365.0,1365.0,1365.0
2013-05-27,11795.0,11795.0,11795.0
2013-05-28,17001.0,17001.0,17001.0
2013-05-29,14582.0,14582.0,14582.0
2013-05-30,12985.0,12985.0,12985.0
2013-05-31,15938.0,15938.0,15938.0
2013-06-01,8286.0,8286.0,8286.0
2013-06-02,1712.0,1712.0,1712.0
2013-06-03,11975.0,11975.0,11975.0
2013-06-04,18446.0,18446.0,18446.0
2013-06-05,19052.0,19052.0,19052.0
2013-06-06,10820.0,10820.0,10820.0
2013-06-07,20570.0,20570.0,20570.0
2013-06-08,8767.0,8767.0,8767.0
2013-06-09,450.0,450.0,450.0
2013-06-10,21924.0,21924.0,21924.0
2013-06-11,23932.0,23932.0,23932.0
2013-06-12,15276.0,15276.0,15276.0
2013-06-13,18579.0,18579.0,18579.0
2013-06-14,17452.0,17452.0,17452.0
2013-06-15,13957.0,13957.0,13957.0
2013-06-16,1241.0,1241.0,1241.0
2013-06-17,20471.0,20471.0,20471.0
2013-06-18,20793.0,20793.0,20793.0
2013-06-19,10298.0,10298.0,10298.0
2013-06-20,10391.0,10391.0,10391.0
2013-06-21,11389.0,11389.0,11389.0
2013-06-22,3666.0,3666.0,3666.0
2013-06-23,2962.0,2962.0,2962.0
2013-06-24,24121.0,24121.0,24121.0
2013-06-25,22754.0,22754.0,22754.0
2013-06-26,12470.0,12470.0,12470.0
2013-06-27,17976.0,17976.0,17976.0
2013-06-28,16550.0,16550.0,16550.0
2013-06-29,5628.0,5628.0,5628.0
2013-06-30,4605.0,4605.0,4605.0
2013-07-01,9507.0,9507.0,9507.0
2013-07-02,10954.0,10954.0,10954.0
2013-07-03,9432.0,9432.0,9432.0
2013-07-04,6050.0,6050.0,6050.0
2013-07-05,5128.0,5128.0,5128.0
2013-07-06,5713.0,5713.0,5713.0
2013-07-07,52.0,52.0,52.0
2013-07-08,16837.0,16837.0,16837.0
2013-07-09,5903.0,5903.0,5903.0
2013-07-10,10177.0,10177.0,10177.0
2013-07-11,11004.0,11004.0,11004.0
2013-07-12,10503.0,10503.0,10503.0
2013-07-13,2028.0,2028.0,2028.0
2013-07-14,2440.0,2440.0,2440.0
2013-07-15,10981.0,10981.0,10981.0
2013-07-16,10727.0,10727.0,10727.0
2013-07-17,5670.0,5670.0,5670.0
2013-07-18,4891.0,4891.0,4891.0
2013-07-19,7929.0,7929.0,7929.0
2013-07-20,7854.0,7854.0,7854.0
2013-07-21,90.0,90.0,90.0
2013-07-22,14719.0,14719.0,14719.0
2013-07-23,8699.0,8699.0,8699.0
2013-07-24,4492.0,4492.0,4492.0
2013-07-25,15506.0,15506.0,15506.0
2013-07-26,11300.0,11300.0,11300.0
2013-07-27,979.0,979.0,979.0
2013-07-28,717.0,717.0,717.0
2013-07-29,7272.0,7272.0,7272.0
2013-07-30,5762.0,5762.0,5762.0
2013-07-31,6624.0,6624.0,6624.0
2013-08-01,15741.0,15741.0,15741.0
2013-08-02,9885.0,9885.0,9885.0
2013-08-03,4221.0,4221.0,4221.0
2013-08-04,3409.0,3409.0,3409.0
2013-08-05,6756.0,6756.0,6756.0
2013-08-06,12374.0,12374.0,12374.0
2013-08-07,12674.0,12674.0,12674.0
2013-08-08,6511.0,6511.0,6511.0
2013-08-09,9095.0,9095.0,9095.0
2013-08-10,4810.0,4810.0,4810.0
2013-08-11,944.0,944.0,944.0
2013-08-12,18111.0,18111.0,18111.0
2013-08-13,15314.0,15314.0,15314.0
2013-08-14,9337.0,9337.0,9337.0
2013-08-15,18850.0,18850.0,18850.0
2013-08-16,19201.0,19201.0,19201.0
2013-08-17,3206.0,3206.0,3206.0
2013-08-18,24.0,24.0,24.0
2013-08-19,13952.0,13952.0,13952.0
2013-08-20,11056.0,11056.0,11056.0
2013-08-21,14647.0,14647.0,14647.0
2013-08-22,20914.0,20914.0,20914.0
2013-08-23,10335.0,10335.0,10335.0
2013-08-24,15629.0,15629.0,15629.0
2013-08-25,375.0,375.0,375.0
2013-08-26,9248.0,9248.0,9248.0
2013-08-27,21352.0,21352.0,21352.0
2013-08-28,11950.0,11950.0,11950.0
2013-08-29,9015.0,9015.0,9015.0
2013-08-30,8131.0,8131.0,8131.0
2013-08-31,9424.0,9424.0,9424.0
2013-09-01,365.0,365.0,365.0
2013-09-02,12376.0,12376.0,12376.0
2013-09-03,22434.0,22434.0,22434.0
2013-09-04,14181.0,14181.0,14181.0
2013-09-05,17986.0,17986.0,17986.0
2013-09-06,14408.0,14408.0,14408.0
2013-09-07,2432.0,2432.0,2432.0
2013-09-08,1058.0,1058.0,1058.0
2013-09-09,15471.0,15471.0,15471.0
2013-09-10,16155.0,16155.0,16155.0
2013-09-11,12805.0,12805.0,12805.0
2013-09-12,17036.0,17036.0,17036.0
2013-09-13,12952.0,12952.0,12952.0
2013-09-14,20744.0,20744.0,20744.0
2013-09-15,1842.0,1842.0,1842.0
2013-09-16,20816.0,20816.0,20816.0
2013-09-17,16185.0,16185.0,16185.0
2013-09-18,6126.0,6126.0,6126.0
2013-09-19,21464.0,21464.0,21464.0
2013-09-20,23851.0,23851.0,23851.0
2013-09-21,14393.0,14393.0,14393.0
2013-09-22,164.0,164.0,164.0
2013-09-23,4633.0,4633.0,4633.0
2013-09-24,14082.0,14082.0,14082.0
2013-09-25,18284.0,18284.0,18284.0
2013-09-26,17361.0,17361.0,17361.0
2013-09-27,11987.0,11987.0,11987.0
2013-09-28,7037.0,7037.0,7037.0
2013-09-29,998.0,998.0,998.0
2013-09-30,17000.0,17000.0,17000.0
2013-10-01,7365.0,7365.0,7365.0
2013-10-02,11095.0,11095.0,11095.0
2013-10-03,26326.0,26326.0,26326.0
2013-10-04,12946.0,12946.0,12946.0
2013-10-05,10811.0,10811.0,10811.0
2013-10-06,73.0,73.0,73.0
2013-10-07,7627.0,7627.0,7627.0
2013-10-08,9903.0,9903.0,9903.0
2013-10-09,14510.0,14510.0,14510.0
2013-10-10,5394.0,5394.0,5394.0
2013-10-11,11739.0,11739.0,11739.0
2013-10-12,4576.0,4576.0,4576.0
2013-10-13,1156.0,1156.0,1156.0
2013-10-14,9139.0,9139.0,9139.0
2013-10-15,17730.0,17730.0,17730.0
2013-10-16,14030.0,14030.0,14030.0
2013-10-17,14107.0,14107.0,14107.0
2013-10-18,12940.0,12940.0,12940.0
2013-10-19,962.0,962.0,962.0
2013-10-20,412.0,412.0,412.0
2013-10-21,10369.0,10369.0,10369.0
2013-10-22,14937.0,14937.0,14937.0
2013-10-23,15582.0,15582.0,15582.0
2013-10-24,3728.0,3728.0,3728.0
2013-10-25,7383.0,7383.0,7383.0
2013-10-26,2370.0,2370.0,2370.0
2013-10-27,1591.0,1591.0,1591.0
2013-10-28,8589.0,8589.0,8589.0
2013-10-29,12816.0,12816.0,12816.0
2013-10-30,13944.0,13944.0,13944.0
2013-10-31,9273.0,9273.0,9273.0
2013-11-01,20912.0,20912.0,20912.0
2013-11-02,3216.0,3216.0,3216.0
2013-11-04,13805.0,13805.0,13805.0
2013-11-05,15751.0,15751.0,15751.0
2013-11-06,16334.0,16334.0,16334.0
2013-11-07,8290.0,8290.0,8290.0
2013-11-08,13704.0,13704.0,13704.0
2013-11-09,10235.0,10235.0,10235.0
2013-11-10,480.0,480.0,480.0
2013-11-11,19650.0,19650.0,19650.0
2013-11-12,8936.0,8936.0,8936.0
2013-11-13,19744.0,19744.0,19744.0
2013-11-14,10065.0,10065.0,10065.0
2013-11-15,20258.0,20258.0,20258.0
2013-11-16,7729.0,7729.0,7729.0
2013-11-17,3740.0,3740.0,3740.0
2013-11-18,12479.0,12479.0,12479.0
2013-11-19,24525.0,24525.0,24525.0
2013-11-20,5284.0,5284.0,5284.0
2013-11-21,9797.0,9797.0,9797.0
2013-11-22,15233.0,15233.0,15233.0
2013-11-23,6811.0,6811.0,6811.0
2013-11-24,3372.0,3372.0,3372.0
2013-11-25,16206.0,16206.0,16206.0
2013-11-26,20901.0,20901.0,20901.0
2013-11-27,14318.0,14318.0,14318.0
2013-11-28,29928.0,29928.0,29928.0
2013-11-29,15183.0,15183.0,15183.0
2013-11-30,7110.0,7110.0,7110.0
2013-12-01,1365.0,1365.0,1365.0
2013-12-02,15643.0,15643.0,15643.0
2013-12-03,19734.0,19734.0,19734.0
2013-12-04,17448.0,17448.0,17448.0
2013-12-05,6785.0,6785.0,6785.0
2013-12-06,20783.0,20783.0,20783.0
2013-12-07,7410.0,7410.0,7410.0
2013-12-08,383.0,383.0,383.0
2013-12-09,12885.0,12885.0,12885.0
2013-12-10,16261.0,16261.0,16261.0
2013-12-11,18100.0,18100.0,18100.0
2013-12-12,18006.0,18006.0,18006.0
2013-12-13,9431.0,9431.0,9431.0
2013-12-14,4575.0,4575.0,4575.0
2013-12-15,1385.0,1385.0,1385.0
2013-12-16,23020.0,23020.0,23020.0
2013-12-17,13432.0,13432.0,13432.0
2013-12-18,33937.0,33937.0,33937.0
2013-12-19,15153.0,15153.0,15153.0
2013-12-20,22233.0,22233.0,22233.0
2013-12-21,3498.0,3498.0,3498.0
2013-12-22,2334.0,2334.0,2334.0
2013-12-23,15339.0,15339.0,15339.0
2013-12-24,15831.0,15831.0,15831.0
2013-12-25,11340.0,11340.0,11340.0
2013-12-26,36434.0,36434.0,36434.0
2013-12-27,10282.0,10282.0,10282.0
2013-12-28,3553.0,3553.0,3553.0
2013-12-29,426.0,426.0,426.0
2013-12-30,14291.0,14291.0,14291.0
2013-12-31,14179.0,14179.0,14179.0
2014-01-01,3613.0,3613.0,3613.0
2014-01-02,4169.0,4169.0,4169.0
2014-01-03,11326.0,11326.0,11326.0
2014-01-04,4705.0,4705.0,4705.0
2014-01-05,427.0,427.0,427.0
2014-01-06,10841.0,10841.0,10841.0
2014-01-07,6202.0,6202.0,6202.0
2014-01-08,13412.0,13412.0,13412.0
2014-01-09,9743.0,9743.0,9743.0
2014-01-10,4202.0,4202.0,4202.0
2014-01-11,4428.0,4428.0,4428.0
2014-01-12,75.0,75.0,75.0
2014-01-13,5360.0,5360.0,5360.0
2014-01-14,17296.0,17296.0,17296.0
2014-01-15,6002.0,6002.0,6002.0
2014-01-16,11340.0,11340.0,11340.0
2014-01-17,14417.0,14417.0,14417.0
2014-01-18,9694.0,9694.0,9694.0
2014-01-19,194.0,194.0,194.0
2014-01-20,11622.0,11622.0,11622.0
2014-01-21,8762.0,8762.0,8762.0
2014-01-22,12946.0,12946.0,12946.0
2014-01-23,6713.0,6713.0,6713.0
2014-01-24,9326.0,9326.0,9326.0
2014-01-25,7099.0,7099.0,7099.0
2014-01-26,2073.0,2073.0,2073.0
2014-01-27,5228.0,5228.0,5228.0
2014-01-28,8558.0,8558.0,8558.0
2014-01-29,11460.0,11460.0,11460.0
2014-01-30,7594.0,7594.0,7594.0
2014-01-31,12440.0,12440.0,12440.0
2014-02-01,867.0,867.0,867.0
2014-02-03,4501.0,4501.0,4501.0
2014-02-04,8191.0,8191.0,8191.0
2014-02-05,6321.0,6321.0,6321.0
2014-02-06,7087.0,7087.0,7087.0
2014-02-07,11014.0,11014.0,11014.0
2014-02-08,2331.0,2331.0,2331.0
2014-02-09,128.0,128.0,128.0
2014-02-10,11902.0,11902.0,11902.0
2014-02-11,12392.0,12392.0,12392.0
2014-02-12,11211.0,11211.0,11211.0
2014-02-13,9615.0,9615.0,9615.0
2014-02-14,11483.0,11483.0,11483.0
2014-02-15,2606.0,2606.0,2606.0
2014-02-16,412.0,412.0,412.0
2014-02-17,10510.0,10510.0,10510.0
2014-02-18,9960.0,9960.0,9960.0
2014-02-19,6749.0,6749.0,6749.0
2014-02-20,6910.0,6910.0,6910.0
2014-02-21,8020.0,8020.0,8020.0
2014-02-22,2685.0,2685.0,2685.0
2014-02-23,755.0,755.0,755.0
2014-02-24,8064.0,8064.0,8064.0
2014-02-25,6741.0,6741.0,6741.0
2014-02-26,4576.0,4576.0,4576.0
2014-02-27,10046.0,10046.0,10046.0
2014-02-28,9771.0,9771.0,9771.0
2014-03-01,2914.0,2914.0,2914.0
2014-03-02,613.0,613.0,613.0
2014-03-03,4706.0,4706.0,4706.0
2014-03-04,11929.0,11929.0,11929.0
2014-03-05,6781.0,6781.0,6781.0
2014-03-06,7213.0,7213.0,7213.0
2014-03-07,4781.0,4781.0,4781.0
2014-03-08,3178.0,3178.0,3178.0
2014-03-09,882.0,882.0,882.0
2014-03-10,5362.0,5362.0,5362.0
2014-03-11,12584.0,12584.0,12584.0
2014-03-12,9030.0,9030.0,9030.0
2014-03-13,6263.0,6263.0,6263.0
2014-03-14,14091.0,14091.0,14091.0
2014-03-15,9024.0,9024.0,9024.0
2014-03-16,69.0,69.0,69.0
2014-03-17,20494.0,20494.0,20494.0
2014-03-18,11184.0,11184.0,11184.0
2014-03-19,12634.0,12634.0,12634.0
2014-03-20,9522.0,9522.0,9522.0
2014-03-21,9055.0,9055.0,9055.0
2014-03-22,8993.0,8993.0,8993.0
2014-03-23,240.0,240.0,240.0
2014-03-24,23866.0,23866.0,23866.0
2014-03-25,8011.0,8011.0,8011.0
2014-03-26,17632.0,17632.0,17632.0
2014-03-27,15204.0,15204.0,15204.0
2014-03-28,10962.0,10962.0,10962.0
2014-03-29,1732.0,1732.0,1732.0
2014-03-30,252.0,252.0,252.0
2014-03-31,13909.0,13909.0,13909.0
2014-04-01,12109.0,12109.0,12109.0
2014-04-02,14935.0,14935.0,14935.0
2014-04-03,9185.0,9185.0,9185.0
2014-04-04,2805.0,2805.0,2805.0
2014-04-05,1767.0,1767.0,1767.0
2014-04-06,1151.0,1151.0,1151.0
2014-04-07,11076.0,11076.0,11076.0
2014-04-08,7563.0,7563.0,7563.0
2014-04-09,16027.0,16027.0,16027.0
2014-04-10,8512.0,8512.0,8512.0
2014-04-11,8920.0,8920.0,8920.0
2014-04-12,5151.0,5151.0,5151.0
2014-04-13,1890.0,1890.0,1890.0
2014-04-14,12468.0,12468.0,12468.0
2014-04-15,11627.0,11627.0,11627.0
2014-04-16,15247.0,15247.0,15247.0
2014-04-17,11521.0,11521.0,11521.0
2014-04-18,8720.0,8720.0,8720.0
2014-04-19,1881.0,1881.0,1881.0
2014-04-20,1075.0,1075.0,1075.0
2014-04-21,13646.0,13646.0,13646.0
2014-04-22,7247.0,7247.0,7247.0
2014-04-23,7784.0,7784.0,7784.0
2014-04-24,10634.0,10634.0,10634.0
2014-04-25,5873.0,5873.0,5873.0
2014-04-26,5622.0,5622.0,5622.0
2014-04-27,1084.0,1084.0,1084.0
2014-04-28,13017.0,13017.0,13017.0
2014-04-29,4530.0,4530.0,4530.0
2014-04-30,9714.0,9714.0,9714.0
2014-05-01,10080.0,10080.0,10080.0
2014-05-02,10096.0,10096.0,10096.0
2014-05-03,2957.0,2957.0,2957.0
2014-05-04,2776.0,2776.0,2776.0
2014-05-05,7531.0,7531.0,7531.0
2014-05-06,3320.0,3320.0,3320.0
2014-05-07,14739.0,14739.0,14739.0
2014-05-08,22266.0,22266.0,22266.0
2014-05-09,14908.0,14908.0,14908.0
2014-05-10,8213.0,8213.0,8213.0
2014-05-11,808.0,808.0,808.0
2014-05-12,6459.0,6459.0,6459.0
2014-05-13,7719.0,7719.0,7719.0
2014-05-14,4904.0,4904.0,4904.0
2014-05-15,14366.0,14366.0,14366.0
2014-05-16,21191.0,21191.0,21191.0
2014-05-17,6514.0,6514.0,6514.0
2014-05-18,161.0,161.0,161.0
2014-05-19,16822.0,16822.0,16822.0
2014-05-20,12208.0,12208.0,12208.0
2014-05-21,8808.0,8808.0,8808.0
2014-05-22,8317.0,8317.0,8317.0
2014-05-23,8352.0,8352.0,8352.0
2014-05-24,8061.0,8061.0,8061.0
2014-05-25,1212.0,1212.0,1212.0
2014-05-26,10349.0,10349.0,10349.0
2014-05-27,13567.0,13567.0,13567.0
2014-05-28,12133.0,12133.0,12133.0
2014-05-29,16612.0,16612.0,16612.0
2014-05-30,6475.0,6475.0,6475.0
2014-05-31,6480.0,6480.0,6480.0
2014-06-01,2039.0,2039.0,2039.0
2014-06-02,15739.0,15739.0,15739.0
2014-06-03,17698.0,17698.0,17698.0
2014-06-04,17541.0,17541.0,17541.0
2014-06-05,11197.0,11197.0,11197.0
2014-06-06,14222.0,14222.0,14222.0
2014-06-07,4528.0,4528.0,4528.0
2014-06-08,2846.0,2846.0,2846.0
2014-06-09,20003.0,20003.0,20003.0
2014-06-10,18325.0,18325.0,18325.0
2014-06-11,17145.0,17145.0,17145.0
2014-06-12,11547.0,11547.0,11547.0
2014-06-13,12599.0,12599.0,12599.0
2014-06-14,7437.0,7437.0,7437.0
2014-06-15,1383.0,1383.0,1383.0
2014-06-16,17993.0,17993.0,17993.0
2014-06-17,19979.0,19979.0,19979.0
2014-06-18,32195.0,32195.0,32195.0
2014-06-19,12525.0,12525.0,12525.0
2014-06-20,12021.0,12021.0,12021.0
2014-06-21,6230.0,6230.0,6230.0
2014-06-22,1219.0,1219.0,1219.0
2014-06-23,16705.0,16705.0,16705.0
2014-06-24,27468.0,27468.0,27468.0
2014-06-25,13235.0,13235.0,13235.0
2014-06-26,21340.0,21340.0,21340.0
2014-06-27,17898.0,17898.0,17898.0
2014-06-28,6939.0,6939.0,6939.0
2014-06-29,2438.0,2438.0,2438.0
2014-06-30,19409.0,19409.0,19409.0
2014-07-01,8456.0,8456.0,8456.0
2014-07-02,11008.0,11008.0,11008.0
2014-07-03,8746.0,8746.0,8746.0
2014-07-04,17290.0,17290.0,17290.0
2014-07-05,10303.0,10303.0,10303.0
2014-07-06,653.0,653.0,653.0
2014-07-07,7775.0,7775.0,7775.0
2014-07-08,4798.0,4798.0,4798.0
2014-07-09,15174.0,15174.0,15174.0
2014-07-10,9794.0,9794.0,9794.0
2014-07-11,8425.0,8425.0,8425.0
2014-07-12,8356.0,8356.0,8356.0
2014-07-13,214.0,214.0,214.0
2014-07-14,9467.0,9467.0,9467.0
2014-07-15,7418.0,7418.0,7418.0
2014-07-16,9494.0,9494.0,9494.0
2014-07-17,11801.0,11801.0,11801.0
2014-07-18,6538.0,6538.0,6538.0
2014-07-19,7837.0,7837.0,7837.0
2014-07-21,12392.0,12392.0,12392.0
2014-07-22,12721.0,12721.0,12721.0
2014-07-23,4114.0,4114.0,4114.0
2014-07-24,7809.0,7809.0,7809.0
2014-07-25,6340.0,6340.0,6340.0
2014-07-26,6679.0,6679.0,6679.0
2014-07-27,3904.0,3904.0,3904.0
2014-07-28,8974.0,8974.0,8974.0
2014-07-29,11166.0,11166.0,11166.0
2014-07-30,13001.0,13001.0,13001.0
2014-07-31,8071.0,8071.0,8071.0
2014-08-01,13115.0,13115.0,13115.0
2014-08-02,19435.0,19435.0,19435.0
2014-08-03,1580.0,1580.0,1580.0
2014-08-04,21526.0,21526.0,21526.0
2014-08-05,13402.0,13402.0,13402.0
2014-08-06,19854.0,19854.0,19854.0
2014-08-07,23212.0,23212.0,23212.0
2014-08-08,17937.0,17937.0,17937.0
2014-08-09,8219.0,8219.0,8219.0
2014-08-11,20212.0,20212.0,20212.0
2014-08-12,14180.0,14180.0,14180.0
2014-08-13,22490.0,22490.0,22490.0
2014-08-14,18806.0,18806.0,18806.0
2014-08-15,12696.0,12696.0,12696.0
2014-08-16,15882.0,15882.0,15882.0
2014-08-17,615.0,615.0,615.0
2014-08-18,20154.0,20154.0,20154.0
2014-08-19,17605.0,17605.0,17605.0
2014-08-20,25231.0,25231.0,25231.0
2014-08-21,12042.0,12042.0,12042.0
2014-08-22,28180.0,28180.0,28180.0
2014-08-23,9432.0,9432.0,9432.0
2014-08-24,5497.0,5497.0,5497.0
2014-08-25,11277.0,11277.0,11277.0
2014-08-26,18166.0,18166.0,18166.0
2014-08-27,8967.0,8967.0,8967.0
2014-08-28,22058.0,22058.0,22058.0
2014-08-29,28421.0,28421.0,28421.0
2014-08-30,5979.0,5979.0,5979.0
2014-08-31,463.0,463.0,463.0
2014-09-01,16766.0,16766.0,16766.0
2014-09-02,16644.0,16644.0,16644.0
2014-09-03,27854.0,27854.0,27854.0
2014-09-04,19507.0,19507.0,19507.0
2014-09-05,19641.0,19641.0,19641.0
2014-09-06,12913.0,12913.0,12913.0
2014-09-07,630.0,630.0,630.0
2014-09-08,27675.0,27675.0,27675.0
2014-09-09,10260.0,10260.0,10260.0
2014-09-10,8982.0,8982.0,8982.0
2014-09-11,22511.0,22511.0,22511.0
2014-09-12,23057.0,23057.0,23057.0
2014-09-13,8899.0,8899.0,8899.0
2014-09-14,606.0,606.0,606.0
2014-09-15,16199.0,16199.0,16199.0
2014-09-16,22924.0,22924.0,22924.0
2014-09-17,22943.0,22943.0,22943.0
2014-09-18,29837.0,29837.0,29837.0
2014-09-19,17155.0,17155.0,17155.0
2014-09-20,6013.0,6013.0,6013.0
2014-09-21,8202.0,8202.0,8202.0
2014-09-22,10645.0,10645.0,10645.0
2014-09-23,23879.0,23879.0,23879.0
2014-09-24,13630.0,13630.0,13630.0
2014-09-25,21496.0,21496.0,21496.0
2014-09-26,26793.0,26793.0,26793.0
2014-09-27,8143.0,8143.0,8143.0
2014-09-28,5997.0,5997.0,5997.0
2014-09-29,17933.0,17933.0,17933.0
2014-09-30,13452.0,13452.0,13452.0
2014-10-01,7428.0,7428.0,7428.0
2014-10-02,21536.0,21536.0,21536.0
2014-10-03,22239.0,22239.0,22239.0
2014-10-04,8753.0,8753.0,8753.0
2014-10-05,1601.0,1601.0,1601.0
2014-10-06,22333.0,22333.0,22333.0
2014-10-07,18468.0,18468.0,18468.0
2014-10-08,10372.0,10372.0,10372.0
2014-10-09,13445.0,13445.0,13445.0
2014-10-10,11762.0,11762.0,11762.0
2014-10-11,6575.0,6575.0,6575.0
2014-10-12,3782.0,3782.0,3782.0
2014-10-13,30239.0,30239.0,30239.0
2014-10-14,17238.0,17238.0,17238.0
2014-10-15,8447.0,8447.0,8447.0
2014-10-16,9614.0,9614.0,9614.0
2014-10-17,29932.0,29932.0,29932.0
2014-10-18,4897.0,4897.0,4897.0
2014-10-19,2604.0,2604.0,2604.0
2014-10-20,14936.0,14936.0,14936.0
2014-10-21,11264.0,11264.0,11264.0
2014-10-22,16071.0,16071.0,16071.0
2014-10-23,24770.0,24770.0,24770.0
2014-10-24,19626.0,19626.0,19626.0
2014-10-25,6715.0,6715.0,6715.0
2014-10-27,11055.0,11055.0,11055.0
2014-10-28,22234.0,22234.0,22234.0
2014-10-29,15126.0,15126.0,15126.0
2014-10-30,10453.0,10453.0,10453.0
2014-10-31,19270.0,19270.0,19270.0
2014-11-01,5192.0,5192.0,5192.0
2014-11-02,3890.0,3890.0,3890.0
2014-11-03,17840.0,17840.0,17840.0
2014-11-04,19814.0,19814.0,19814.0
2014-11-05,24508.0,24508.0,24508.0
2014-11-06,18724.0,18724.0,18724.0
2014-11-07,23915.0,23915.0,23915.0
2014-11-08,17784.0,17784.0,17784.0
2014-11-09,1313.0,1313.0,1313.0
2014-11-10,19585.0,19585.0,19585.0
2014-11-11,21693.0,21693.0,21693.0
2014-11-12,26972.0,26972.0,26972.0
2014-11-13,19992.0,19992.0,19992.0
2014-11-14,23389.0,23389.0,23389.0
2014-11-15,5816.0,5816.0,5816.0
2014-11-16,5086.0,5086.0,5086.0
2014-11-17,22347.0,22347.0,22347.0
2014-11-18,39541.0,39541.0,39541.0
2014-11-19,23162.0,23162.0,23162.0
2014-11-20,31411.0,31411.0,31411.0
2014-11-21,26296.0,26296.0,26296.0
2014-11-22,17030.0,17030.0,17030.0
2014-11-23,3147.0,3147.0,3147.0
2014-11-24,16061.0,16061.0,16061.0
2014-11-25,25104.0,25104.0,25104.0
2014-11-26,28478.0,28478.0,28478.0
2014-11-27,26097.0,26097.0,26097.0
2014-11-28,24446.0,24446.0,24446.0
2014-11-29,14509.0,14509.0,14509.0
2014-11-30,2170.0,2170.0,2170.0
2014-12-01,17572.0,17572.0,17572.0
2014-12-02,17211.0,17211.0,17211.0
2014-12-03,25988.0,25988.0,25988.0
2014-12-04,23723.0,23723.0,23723.0
2014-12-05,17065.0,17065.0,17065.0
2014-12-06,5284.0,5284.0,5284.0
2014-12-07,4390.0,4390.0,4390.0
2014-12-08,18619.0,18619.0,18619.0
2014-12-09,20607.0,20607.0,20607.0
2014-12-10,25546.0,25546.0,25546.0
2014-12-11,19210.0,19210.0,19210.0
2014-12-12,12085.0,12085.0,12085.0
2014-12-13,16620.0,16620.0,16620.0
2014-12-14,1310.0,1310.0,1310.0
2014-12-15,21375.0,21375.0,21375.0
2014-12-16,11566.0,11566.0,11566.0
2014-12-17,16432.0,16432.0,16432.0
2014-12-18,16123.0,16123.0,16123.0
2014-12-19,25754.0,25754.0,25754.0
2014-12-20,7803.0,7803.0,7803.0
2014-12-21,395.0,395.0,395.0
2014-12-22,10357.0,10357.0,10357.0
2014-12-23,28099.0,28099.0,28099.0
2014-12-24,20479.0,20479.0,20479.0
2014-12-25,22703.0,22703.0,22703.0
2014-12-26,26577.0,26577.0,26577.0
2014-12-27,13418.0,13418.0,13418.0
2014-12-28,1646.0,1646.0,1646.0
2014-12-29,25106.0,25106.0,25106.0
2014-12-30,16833.0,16833.0,16833.0
2014-12-31,13258.0,13258.0,13258.0
2015-01-01,12485.21007591116,4102.401952232469,20868.018199589853
2015-01-02,12816.775845043623,4433.967721364932,21199.583968722312
2015-01-03,7265.363463474141,-1117.44466020455,15648.171587152832
2015-01-04,2446.6277211254037,-5936.180402553287,10829.435844804095
2015-01-05,12342.8846662974,3960.076542618708,20725.692789976092
2015-01-06,12526.800916674547,4143.992792995856,20909.609040353236
2015-01-07,12042.351891094695,3659.543767416004,20425.160014773384
2015-01-08,12422.519060506802,4039.710936828111,20805.327184185495
2015-01-09,12756.471371936752,4373.663248258061,21139.279495615443
2015-01-10,7207.474492498248,-1175.3336311804433,15590.282616176939
2015-01-11,2391.182497328042,-5991.625626350649,10773.990621006733
2015-01-12,12289.910711582015,3907.102587903324,20672.718835260705
2015-01-13,12476.325021656306,4093.5168979776154,20859.133145335
2015-01-14,11994.400107172707,3611.591983494016,20377.2082308514
2015-01-15,12377.116692155098,3994.3085684764064,20759.924815833787
2015-01-16,12713.642969216275,4330.8348455375835,21096.451092894968
2015-01-17,7167.243843792103,-1215.5642798865883,15550.051967470794
2015-01-18,2353.5726223021256,-6029.2355013765655,10736.380745980816
2015-01-19,12254.943854373128,3872.1357306944374,20637.75197805182
2015-01-20,12444.022644289758,4061.214520611067,20826.83076796845
2015-01-21,11964.782883211352,3581.9747595326608,20347.59100689004
2015-01-22,12350.204500581694,3967.3963769030033,20733.012624260387
2015-01-23,12689.454888550983,4306.646764872292,21072.263012229676
2015-01-24,7145.7981464468385,-1237.0099772318526,15528.606270125529
2015-01-25,2334.886769173456,-6047.921354505235,10717.694892852147
2015-01-26,12239.034489675318,3856.2263659966266,20621.84261335401
2015-01-27,12430.90559062947,4048.0974669507796,20813.713714308164
2015-01-28,11954.473136905499,3571.665013226808,20337.28126058419
2015-01-29,12342.716227219771,3959.90810354108,20725.524350898464
2015-01-30,12684.801418803248,4301.993295124557,21067.60954248194
2015-01-31,7143.991972119552,-1238.8161515591391,15526.800095798244
2015-02-01,1595.236262715126,-6787.571860963565,9978.044386393816
2015-02-02,11502.25373112119,3119.4456074424997,19885.061854799882
2015-02-03,11697.00453401299,3314.196410334298,20079.81265769168
2015-02-04,11223.460884109969,2840.652760431278,19606.26900778866
2015-02-05,11614.601025284974,3231.7929016062826,19997.409148963663
2015-02-06,11959.590657485005,3576.782533806314,20342.398781163698
2015-02-07,6421.692181702979,-1961.1159419757123,14804.500305381669
2015-02-08,1616.5563888794486,-6766.2517347992425,9999.364512558139
2015-02-09,11526.495302870533,3143.687179191842,19909.303426549224
2015-02-10,11724.171492645955,3341.3633689672643,20106.979616324646
2015-02-11,11253.556305256123,2870.7481815774318,19636.364428934816
2015-02-12,11647.627117994705,3264.818994316014,20030.435241673396
2015-02-13,11995.54876357584,3612.740639897149,20378.35688725453
2015-02-14,6460.58277536251,-1922.2253483161812,14843.390899041202
2015-02-15,1658.3790765250187,-6724.429047153672,10041.187200203709
2015-02-16,11571.248823265702,3188.4406995870104,19954.056946944394
2015-02-17,11771.853717273721,3389.0455935950304,20154.661840952413
2015-02-18,11304.164238948779,2921.3561152700877,19686.97236262747
2015-02-19,11701.156899820167,3318.3487761414763,20083.96502349886
2015-02-20,12051.995667980147,3669.187544301456,20434.803791658836
2015-02-21,6519.941213568204,-1862.866910110487,14902.749337246896
2015-02-22,1720.6425981849452,-6662.165525493746,10103.450721863635
2015-02-23,11636.410118371774,3253.601994693083,20019.218242050465
2015-02-24,11839.904618320068,3457.096494641377,20222.71274199876
2015-02-25,11375.095723348646,2992.287599669955,19757.903847027337
2015-02-26,11774.959092575837,3392.1509688971455,20157.767216254528
2015-02-27,12128.657844605117,3745.849720926426,20511.46596828381
2015-02-28,6599.451803260733,-1783.3563204179582,14982.259926939423
2015-03-01,2893.017893544667,-5489.790230134024,11275.826017223359
2015-03-02,12811.60816019522,4428.800036516528,21194.41628387391
2015-03-03,13017.911318400307,4635.103194721616,21400.719442078997
2015-03-04,12555.896162351582,4173.088038672891,20938.704286030275
2015-03-05,12958.537524455081,4575.72940077639,21341.34564813377
2015-03-06,13314.997701261496,4932.189577582805,21697.805824940187
2015-03-07,7788.53569944505,-594.2724242336408,16171.343823123741
2015-03-08,2994.7989257096538,-5388.009197969037,11377.607049388345
2015-03-09,12916.096030758288,4533.287907079597,21298.90415443698
2015-03-10,13125.086222489206,4742.278098810515,21507.894346167897
2015-03-11,12665.737499957608,4282.929376278917,21048.5456236363
2015-03-12,13071.023906528957,4688.215782850266,21453.832030207646
2015-03-13,13430.10695604273,5047.298832364038,21812.91507972142
2015-03-14,7906.244879022917,-476.5632446557738,16289.053002701608
2015-03-15,3115.0843128138563,-5267.723810864834,11497.892436492548
2015-03-16,13038.933145777271,4656.12502209858,21421.74126945596
2015-03-17,13250.449830714073,4867.641707035382,21633.257954392764
2015-03-18,12793.601619049477,4410.793495370786,21176.409742728167
2015-03-19,13201.361814207547,4818.553690528855,21584.16993788624
2015-03-20,13562.89119799392,5180.083074315229,21945.69932167261
2015-03-21,8041.447277022919,-341.36084665577255,16424.255400701608
2015-03-22,3252.6759730676,-5130.132150611091,11635.484096746291
2015-03-23,13178.884467468546,4796.076343789855,21561.692591147235
2015-03-24,13392.730514764888,5009.9223910861965,21775.538638443577
2015-03-25,12938.180677086038,4555.372553407347,21320.98880076473
2015-03-26,13348.207577730229,4965.399454051538,21731.01570140892
2015-03-27,13711.971327748468,5329.163204069777,22094.77945142716
2015-03-28,8192.728772570166,-190.07935110852486,16575.536896248857
2015-03-29,3406.1251825488266,-4976.682941129864,11788.933306227518
2015-03-30,13334.467097563604,4951.6589738849125,21717.275221242293
2015-03-31,13550.41164084014,5167.603517161449,21933.21976451883
